,theta,T=1,T=15
0,0.0,24.460389438154444,21.75476711125761
1,0.00614192112138767,24.136853045959324,21.529517627548675
2,0.01228384224277534,24.07062987289818,20.990812944187915
3,0.01842576336416301,23.959531236736144,20.531825930511868
4,0.02456768448555068,23.61248557852624,20.575525190491543
5,0.030709605606938348,22.991589875175872,21.33473921196392
6,0.03685152672832602,22.4353601518854,22.66369189552938
7,0.042993447849713685,22.331139218441415,24.05451547206373
8,0.04913536897110136,22.612221539256016,24.94291903884089
9,0.05527729009248903,22.91148313483968,25.13571749896393
10,0.061419211213876695,23.13845079066765,24.77688634142369
11,0.06756113233526437,23.47428142872536,24.168461381920228
12,0.07370305345665204,23.853586892283815,23.64295831226604
13,0.07984497457803971,23.943418420771405,23.463045113446206
14,0.08598689569942737,23.66025596419238,23.539945958698194
15,0.09212881682081504,23.35762130387656,23.57280239060697
16,0.09827073794220272,23.48794286378494,23.29337161153848
17,0.10441265906359039,24.189960764652813,22.69602827231186
18,0.11055458018497806,25.115990176829833,22.009099080199263
19,0.11669650130636572,25.82461726036074,21.4302735064677
20,0.12283842242775339,26.17684893833852,21.13513548201673
21,0.12898034354914106,26.347309483061622,21.28576236953604
22,0.13512226467052874,26.451292276253067,21.858416872532754
23,0.1412641857919164,26.447129098129167,22.44711714636092
24,0.14740610691330408,26.34027218294539,22.493644559594053
25,0.15354802803469175,26.184534779538073,21.91311578162995
26,0.15968994915607942,26.06419799239059,21.22566588598602
27,0.16583187027746707,26.119545783058985,20.913022457915403
28,0.17197379139885474,26.465759946733975,20.89478193812344
29,0.17811571252024241,26.81546650152467,20.83290421838147
30,0.1842576336416301,26.738679841678653,20.75893272321026
31,0.19039955476301776,26.369595857555275,20.905597202020466
32,0.19654147588440543,26.314030211543344,21.242969320038604
33,0.2026833970057931,26.70473716278003,21.43391851169885
34,0.20882531812718078,27.073044036211726,21.318030873288695
35,0.21496723924856845,27.258888863973088,21.079403160540476
36,0.22110916036995612,27.624184427988215,20.913164430618313
37,0.2272510814913438,28.287622992464488,20.818819062520124
38,0.23339300261273144,28.823801788646225,20.752412033075927
39,0.2395349237341191,28.925011117842825,20.756849027833987
40,0.24567684485550678,28.778238499374275,20.76610026759429
41,0.25181876597689445,28.689591273685476,20.563511577767503
42,0.2579606870982821,28.72161103599277,20.109990746454397
43,0.2641026082196698,28.758425788404615,19.69517076186558
44,0.27024452934105747,28.820421858146283,19.572040545968996
45,0.27638645046244514,29.10614298554704,19.65639608857986
46,0.2825283715838328,29.7191208535948,19.687258911982692
47,0.2886702927052205,30.512906487129936,19.52871668166921
48,0.29481221382660816,31.17853220394109,19.251588611954475
49,0.30095413494799583,31.463412381821257,19.04333654320903
50,0.3070960560693835,31.299695527629886,19.06766583336134
51,0.3132379771907712,30.73412214395723,19.29122020649155
52,0.31937989831215885,30.003817965775664,19.484617968774653
53,0.3255218194335465,29.58381586407174,19.476679892651262
54,0.33166374055493414,29.68644143277647,19.3298115879729
55,0.3378056616763218,29.895903609062636,19.216260654152823
56,0.3439475827977095,29.734254109647217,19.256573976802166
57,0.35008950391909716,29.2472323877993,19.500382212338053
58,0.35623142504048483,28.791981234425233,19.943283005401405
59,0.3623733461618725,28.60133429230636,20.534602322372187
60,0.3685152672832602,28.639930559940385,21.186951427940613
61,0.37465718840464785,28.670877432742707,21.72148148958832
62,0.3807991095260355,28.503290852655205,21.88839764325801
63,0.3869410306474232,28.22865198986718,21.598894668683837
64,0.39308295176881086,28.131354032136663,21.08467346237785
65,0.39922487289019853,28.404695088123955,20.71032450815872
66,0.4053667940115862,28.963870073308193,20.67362115903594
67,0.4115087151329739,29.46823100222389,20.90388528182538
68,0.41765063625436155,29.647001619127096,21.175735043576168
69,0.4237925573757492,29.708652071207975,21.315258498123697
70,0.4299344784971369,30.014511043798993,21.310042524695127
71,0.43607639961852457,30.20261111511176,21.207369941912212
72,0.44221832073991224,29.533089817480995,20.976809907860964
73,0.4483602418612999,28.299484981093663,20.57995708343456
74,0.4545021629826876,27.683617002595668,20.163883183116425
75,0.4606440841040752,28.127111499012045,20.015731404693398
76,0.4667860052254629,28.99677389442626,20.23923970165868
77,0.47292792634685055,29.708505585797113,20.58582849025375
78,0.4790698474682382,30.208134532370003,20.71105286297895
79,0.4852117685896259,30.51490961488246,20.528816384131307
80,0.49135368971101356,30.496633772098782,20.26589030405847
81,0.49749561083240124,30.104374839225155,20.21472920328781
82,0.5036375319537889,29.52324437669013,20.454525946823882
83,0.5097794530751766,29.04397958311557,20.81681961488826
84,0.5159213741965643,28.86493497789686,21.11458529615044
85,0.5220632953179519,28.961612360715964,21.2852969759519
86,0.5282052164393396,29.085469697791957,21.31579432883257
87,0.5343471375607273,28.930011323186243,21.2021528998179
88,0.5404890586821149,28.404294351404385,21.051742847621448
89,0.5466309798035026,27.81284353665289,21.066801654623315
90,0.5527729009248903,27.552196897034758,21.343015181679664
91,0.558914822046278,27.545451398166744,21.733577089445024
92,0.5650567431676656,27.39073341343163,21.95003445505523
93,0.5711986642890533,27.080251261863992,21.80334123508134
94,0.577340585410441,27.03645914274136,21.378115110525076
95,0.5834825065318286,27.46189230951193,20.976297935294404
96,0.5896244276532163,28.14338645645805,20.873522738521505
97,0.595766348774604,28.819507774225716,21.13323999716925
98,0.6019082698959917,29.395897065363403,21.631687674202066
99,0.6080501910173793,29.83650689817827,22.18444502551235
100,0.614192112138767,30.013439792721396,22.632010615803654
101,0.6203340332601547,29.77483294991977,22.84972105100119
102,0.6264759543815424,29.22418890275359,22.75987800162154
103,0.63261787550293,28.74458683982111,22.395336189528102
104,0.6387597966243177,28.59571488759045,21.926570178804994
105,0.6449017177457054,28.687708787189404,21.542203221933153
106,0.651043638867093,28.794919822365387,21.3060093360332
107,0.6571855599884806,28.782645835837506,21.18703862581866
108,0.6633274811098683,28.61118699419353,21.16246721901971
109,0.669469402231256,28.301901535898754,21.203985976095957
110,0.6756113233526436,27.964066634796314,21.230702644860504
111,0.6817532444740313,27.78116479257987,21.193835466966917
112,0.687895165595419,27.903374657670888,21.168491947465675
113,0.6940370867168066,28.33925837867772,21.258894518236314
114,0.7001790078381943,28.91485682038189,21.461158126575626
115,0.706320928959582,29.331074721189122,21.663504004571163
116,0.7124628500809697,29.3304846456842,21.69966761904455
117,0.7186047712023573,28.90130228511959,21.451170203653565
118,0.724746692323745,28.298690662530802,21.017993281661123
119,0.7308886134451327,27.828892339359598,20.726453474046213
120,0.7370305345665203,27.701452942875964,20.854524260494987
121,0.743172455687908,27.9622026069326,21.340970515489396
122,0.7493143768092957,28.42018006751818,21.83513181858773
123,0.7554562979306834,28.80063841004549,22.068449959411026
124,0.761598219052071,29.019129808468474,22.102526564232758
125,0.7677401401734587,29.176856387381154,22.159130255134254
126,0.7738820612948464,29.305255500915653,22.340725913091088
127,0.780023982416234,29.285322893041478,22.579026865137
128,0.7861659035376217,29.03593113741268,22.734342445076926
129,0.7923078246590094,28.650382491168465,22.692906224076612
130,0.7984497457803971,28.329680047487376,22.442135273296046
131,0.8045916669017847,28.23519928878261,22.081534174564034
132,0.8107335880231724,28.392796937290687,21.73392774614212
133,0.8168755091445601,28.704899160892467,21.459216082617463
134,0.8230174302659478,29.05608918471701,21.280248339739263
135,0.8291593513873354,29.371006357455947,21.2784286194524
136,0.8353012725087231,29.636582968616253,21.556351180026386
137,0.8414431936301108,29.909792666948988,22.017306070060854
138,0.8475851147514984,30.211321145161207,22.385387507187144
139,0.8537270358728861,30.393478405181085,22.55053693960152
140,0.8598689569942738,30.30768057001533,22.677500834868244
141,0.8660108781156615,30.048471607970555,22.96997931933247
142,0.8721527992370491,29.799638269487218,23.463444334364095
143,0.8782947203584368,29.65433505382066,23.97739635824772
144,0.8844366414798245,29.66816110789304,24.251006647459764
145,0.8905785626012122,29.8168408153216,24.138713724708804
146,0.8967204837225998,30.003176897629515,23.674383060708873
147,0.9028624048439875,30.171176381831437,23.070693413311098
148,0.9090043259653752,30.29145255003554,22.628562297193138
149,0.9151462470867628,30.410120918789364,22.512430526958774
150,0.9212881682081504,30.61940881611591,22.65095024594447
151,0.9274300893295381,30.828489878625764,22.857216451847087
152,0.9335720104509257,30.85105561344286,22.98408746444231
153,0.9397139315723134,30.658452505241392,22.99184620598062
154,0.9458558526937011,30.361483351022848,22.91914535615533
155,0.9519977738150888,30.09057563321213,22.800606418664927
156,0.9581396949364764,29.882376617545084,22.63419384075906
157,0.9642816160578641,29.686304458634144,22.437284854674445
158,0.9704235371792518,29.517952242624574,22.283739413389167
159,0.9765654583006395,29.49335032687821,22.22999273230988
160,0.9827073794220271,29.711640982060132,22.248280886682686
161,0.9888493005434148,30.090376405131224,22.27334165814205
162,0.9949912216648025,30.38602423558442,22.276386086183514
163,1.0011331427861903,30.479356700558256,22.255196327873783
164,1.0072750639075778,30.47879224648625,22.150757017143764
165,1.0134169850289656,30.48971181237315,21.888667230757914
166,1.0195589061503532,30.490714372860655,21.571002230296088
167,1.025700827271741,30.405326921328122,21.417696331682706
168,1.0318427483931285,30.19225703996824,21.468925549516165
169,1.0379846695145163,29.93304262594738,21.574430265612303
170,1.0441265906359039,29.78901555487206,21.604885445392128
171,1.0502685117572914,29.824948063474988,21.51650584363081
172,1.0564104328786792,29.93411957468418,21.34501436625337
173,1.0625523540000668,30.03681816832778,21.2034061717913
174,1.0686942751214545,30.215543231349102,21.1853657915713
175,1.074836196242842,30.508985597294384,21.285669750815195
176,1.0809781173642299,30.804666325201474,21.436745760064607
177,1.0871200384856174,30.99384558775062,21.57369934253799
178,1.0932619596070052,31.036638027416192,21.66759644613223
179,1.0994038807283928,30.932294951849048,21.745158201146147
180,1.1055458018497806,30.758633033815894,21.878596825915583
181,1.1116877229711681,30.62015845444909,22.12233377090902
182,1.117829644092556,30.53762613246543,22.457925252991902
183,1.1239715652139435,30.49399357796327,22.811291060293314
184,1.1301134863353313,30.435450677798407,23.095723874787726
185,1.1362554074567188,30.245235184556634,23.238848548569916
186,1.1423973285781066,29.892096715316864,23.230340909102583
187,1.1485392496994942,29.505282501267047,23.157280073725865
188,1.154681170820882,29.19259384129712,23.13994068103437
189,1.1608230919422695,28.961718412449326,23.21449404024389
190,1.1669650130636573,28.822335672372372,23.314620936017715
191,1.1731069341850449,28.761811550998978,23.36190762119776
192,1.1792488553064326,28.752245708356035,23.361755239346927
193,1.1853907764278202,28.814993418964082,23.384026802664188
194,1.191532697549208,28.88391678556496,23.470075222799665
195,1.1976746186705955,28.830157999490154,23.585213497993408
196,1.2038165397919833,28.694467014135167,23.676329340374867
197,1.209958460913371,28.55385270328553,23.724455604022648
198,1.2161003820347587,28.380442652657226,23.752817081243293
199,1.2222423031561462,28.181203276938223,23.783820104151822
200,1.228384224277534,28.025842429434373,23.816646950921708
201,1.2345261453989216,27.987718368936907,23.831803951253715
202,1.2406680665203094,28.103600943892502,23.820625941186442
203,1.246809987641697,28.37223881290822,23.812317436585754
204,1.2529519087630847,28.74734702975449,23.8756517725177
205,1.2590938298844723,29.119014426724988,24.069082377891537
206,1.26523575100586,29.396506559002642,24.34386101036386
207,1.2713776721272476,29.559118832842596,24.560994561158296
208,1.2775195932486354,29.62705318276557,24.62007058917633
209,1.283661514370023,29.608383022256692,24.50374918263578
210,1.2898034354914107,29.502462247068596,24.268526978787182
211,1.2959453566127983,29.301457029884062,24.00003902610567
212,1.302087277734186,29.000859255137428,23.763609751153066
213,1.3082291988555736,28.635517295476852,23.566046213204107
214,1.3143711199769612,28.324150307616794,23.392263142837525
215,1.320513041098349,28.197262159492578,23.23354869294127
216,1.3266549622197366,28.28901452602085,23.090303901565644
217,1.3327968833411243,28.52731008704541,22.985743006543718
218,1.338938804462512,28.809342950705027,23.005112149463493
219,1.3450807255838997,29.059393158367367,23.220472798171954
220,1.3512226467052872,29.236288638804453,23.600156824621127
221,1.357364567826675,29.34176190313997,24.016914109161934
222,1.3635064889480626,29.417743815982433,24.369021505451155
223,1.3696484100694504,29.529528904086536,24.624451491837185
224,1.375790331190838,29.64430355952878,24.762595733219978
225,1.3819322523122257,29.65045117147057,24.77153863142715
226,1.3880741734336133,29.481818657036396,24.66737222687099
227,1.394216094555001,29.189988182816045,24.46581868730049
228,1.4003580156763886,28.8751348141427,24.1948540766504
229,1.4064999367977764,28.68092153808052,23.89904619602235
230,1.412641857919164,28.75259383034962,23.605019497692556
231,1.4187837790405518,29.153397861231902,23.34329891213023
232,1.4249257001619393,29.79115198992046,23.123239394883054
233,1.431067621283327,30.44380175372234,22.910532363940572
234,1.4372095424047147,30.932558936130516,22.687349364143415
235,1.4433514635261024,31.24240674258847,22.478953876171005
236,1.44949338464749,31.45445565973701,22.320310828476405
237,1.4556353057688778,31.6546661617891,22.201904580851217
238,1.4617772268902653,31.937900730157594,22.149690005668468
239,1.4679191480116531,32.365629340290695,22.21390372505769
240,1.4740610691330407,32.849215216644474,22.387837048999447
241,1.4802029902544285,33.28124396914914,22.584381661121135
242,1.486344911375816,33.621716033064295,22.719290197211233
243,1.4924868324972038,33.800055226579026,22.766262209376844
244,1.4986287536185914,33.76988098491221,22.718459994427217
245,1.5047706747399792,33.624149821472585,22.57143123713096
246,1.5109125958613667,33.455043642628475,22.364535188222604
247,1.5170545169827545,33.2914425515419,22.169166155246092
248,1.523196438104142,33.09557071963602,22.036728677690913
249,1.5293383592255299,32.83927256093661,21.992260669270568
250,1.5354802803469174,32.49723994505966,22.03678826717875
251,1.5416222014683052,32.09761774679868,22.14369274395405
252,1.5477641225896928,31.744126837314383,22.27671705691467
253,1.5539060437110805,31.55968065776816,22.3851372225027
254,1.560047964832468,31.5912547756905,22.443643588244527
255,1.5661898859538559,31.79952547566802,22.491577868900816
256,1.5723318070752434,32.096640766429246,22.571349099527087
257,1.578473728196631,32.31028868907074,22.66598218998473
258,1.5846156493180188,32.2890101830184,22.724116836805095
259,1.5907575704394064,32.10152517601416,22.701304373611666
260,1.5968994915607941,31.914518720710117,22.577835233140103
261,1.6030414126821817,31.824473295618816,22.372743349319876
262,1.6091833338035695,31.845208938073238,22.167120843650288
263,1.615325254924957,31.94396588478218,22.012853918464877
264,1.6214671760463448,32.06421173675889,21.929230793739613
265,1.6276090971677324,32.136364030323065,21.918968093869786
266,1.6337510182891202,32.114041367989635,21.99398821545157
267,1.6398929394105077,32.04301125448779,22.15928821883333
268,1.6460348605318955,32.02937034917259,22.405179760545867
269,1.652176781653283,32.0987799227145,22.689465956828148
270,1.6583187027746709,32.20944230506389,22.960235815004417
271,1.6644606238960584,32.357756496682605,23.194895151216393
272,1.6706025450174462,32.55676760806558,23.40096224737343
273,1.6767444661388338,32.7834565287183,23.592891637222912
274,1.6828863872602216,33.018273903039976,23.776200024556818
275,1.6890283083816091,33.22527170194533,23.957377313901603
276,1.695170229502997,33.302652663981384,24.092527153196293
277,1.7013121506243845,33.146204448934,24.116505858050957
278,1.7074540717457722,32.74211820532828,24.007652199756897
279,1.7135959928671598,32.19128213009966,23.83682785124182
280,1.7197379139885476,31.715148542392303,23.712341245382678
281,1.7258798351099351,31.512625752141325,23.68679763787098
282,1.732021756231323,31.60864189934194,23.755513570278747
283,1.7381636773527105,31.84887149323043,23.912386812794846
284,1.7443055984740983,32.02829913057902,24.129482742790422
285,1.7504475195954858,32.011879239005864,24.32213757086661
286,1.7565894407168736,31.802867776652473,24.405881267170983
287,1.7627313618382612,31.528979537083853,24.364037970632396
288,1.768873282959649,31.362622404793314,24.241522165601673
289,1.7750152040810365,31.379777430307207,24.07787342659957
290,1.7811571252024243,31.519741963971942,23.871641207731756
291,1.7872990463238119,31.658281648458253,23.601083858908368
292,1.7934409674451997,31.690754620049873,23.300619199615248
293,1.7995828885665872,31.66189775573176,23.08672642849484
294,1.805724809687975,31.696339006977283,23.01637204188169
295,1.8118667308093626,31.87780583850515,23.066349226980165
296,1.8180086519307503,32.17541081759131,23.219076809723838
297,1.824150573052138,32.49350830126279,23.477284193267064
298,1.8302924941735257,32.71496266137819,23.77659638066282
299,1.8364344152949132,32.75025674158782,23.998013372576647
300,1.8425763364163008,32.60449314398493,24.056066470032345
301,1.8487182575376886,32.36175303009034,23.95481260490663
302,1.8548601786590762,32.111355357173224,23.763346176900527
303,1.861002099780464,31.909576326127556,23.551344158309764
304,1.8671440209018515,31.81235957210667,23.341830541964647
305,1.8732859420232393,31.892208262382685,23.13834352993355
306,1.8794278631446268,32.14946424918109,22.954453110280163
307,1.8855697842660146,32.43925730647639,22.783764771514274
308,1.8917117053874022,32.59126237919669,22.594808339658915
309,1.89785362650879,32.54631350829685,22.378563644515566
310,1.9039955476301775,32.37418204757367,22.163746859544126
311,1.9101374687515653,32.17787290303029,21.987704108858804
312,1.9162793898729529,31.988038199606635,21.876762558143007
313,1.9224213109943407,31.811230390338448,21.847202168818917
314,1.9285632321157282,31.702393335868482,21.89033656873548
315,1.934705153237116,31.70947219067785,21.967508540557933
316,1.9408470743585036,31.858806085944313,22.052047373976205
317,1.9469889954798913,32.15822498584282,22.143123114944075
318,1.953130916601279,32.557827862319115,22.241859753008928
319,1.9592728377226667,32.984718316200244,22.34375381505923
320,1.9654147588440543,33.368484431511554,22.441284001226418
321,1.971556679965442,33.64370450177706,22.505226739878065
322,1.9776986010868296,33.7711683769268,22.50545167064373
323,1.9838405222082174,33.74140816879373,22.481760772355496
324,1.989982443329605,33.579532882581994,22.541292772930632
325,1.9961243644509927,33.355563506791256,22.768922709014127
326,2.0022662855723805,33.14444279916538,23.140482483470834
327,2.008408206693768,32.94560827216899,23.53774980983581
328,2.0145501278151556,32.71678012449138,23.855505410052718
329,2.020692048936543,32.479507253383346,24.08621311971402
330,2.026833970057931,32.292135331207305,24.262342618130006
331,2.0329758911793188,32.154888309137256,24.39340882134219
332,2.0391178123007063,32.08737459365839,24.5042274491533
333,2.045259733422094,32.217743493154316,24.651266581501936
334,2.051401654543482,32.594288934518225,24.840396358178985
335,2.0575435756648695,33.059668059551285,25.019643800491014
336,2.063685496786257,33.42966717934577,25.162242166103415
337,2.0698274179076446,33.59159127717925,25.26626702910932
338,2.0759693390290326,33.53759346881916,25.308695792287306
339,2.08211126015042,33.42550580715104,25.305188392235017
340,2.0882531812718077,33.391838135433524,25.33059616831727
341,2.0943951023931953,33.40184966583465,25.389000554154965
342,2.100537023514583,33.38874728277387,25.409814536694043
343,2.106678944635971,33.3173102395408,25.399345758217514
344,2.1128208657573584,33.162788608676024,25.4250540243756
345,2.118962786878746,32.98449104716373,25.4965807378714
346,2.1251047080001335,32.92588886701114,25.572946644199284
347,2.1312466291215215,33.062320689704016,25.623181523121826
348,2.137388550242909,33.27928808367386,25.677945727871535
349,2.1435304713642966,33.349548156386106,25.82979113515881
350,2.149672392485684,33.126895892501004,26.107466060681592
351,2.155814313607072,32.615865459506026,26.40583578715508
352,2.1619562347284598,31.929605258986882,26.595758255227082
353,2.1680981558498473,31.235883190181852,26.641701017342072
354,2.174240076971235,30.661744078810795,26.6118056690926
355,2.180381998092623,30.244877121017367,26.595854349257404
356,2.1865239192140105,30.00684041911104,26.63039096603326
357,2.192665840335398,29.978806827026595,26.71827047668573
358,2.1988077614567856,30.144468425339255,26.852978028931002
359,2.2049496825781736,30.408425082688115,27.02804763550524
360,2.211091603699561,30.6140612933936,27.250146206519844
361,2.2172335248209487,30.622059216150348,27.492837640652784
362,2.2233754459423363,30.43112756156783,27.671630137580454
363,2.2295173670637243,30.18293522359283,27.721563436031808
364,2.235659288185112,29.987744550153682,27.651948712129393
365,2.2418012093064994,29.860698284808194,27.50181990634465
366,2.247943130427887,29.78563161910462,27.28579142675752
367,2.254085051549275,29.713785680991684,27.029848624357072
368,2.2602269726706625,29.61319742245842,26.828259682657677
369,2.26636889379205,29.55772180395219,26.762011363919594
370,2.2725108149134376,29.622300656170086,26.773250818063183
371,2.2786527360348257,29.685441687756224,26.72168709738124
372,2.284794657156213,29.52004583136808,26.509919005543097
373,2.2909365782776008,29.082310496734124,26.111175532251938
374,2.2970784993989883,28.560769325524728,25.61850456729643
375,2.3032204205203763,28.153926124697428,25.2608281711312
376,2.309362341641764,27.924290678300377,25.182333985098996
377,2.3155042627631515,27.878716218635677,25.28193475956776
378,2.321646183884539,28.0158897018396,25.395121690772054
379,2.327788105005927,28.260610086357545,25.45845749566892
380,2.3339300261273146,28.51023793963528,25.439532796126063
381,2.340071947248702,28.709853482724807,25.25795378551052
382,2.3462138683700897,28.848898967289454,24.84647004018402
383,2.3523557894914777,28.996353059434373,24.285897757681198
384,2.3584977106128653,29.306797831525078,23.77809050058123
385,2.364639631734253,29.877641536167697,23.443514006473055
386,2.3707815528556404,30.584231213706776,23.252747774956646
387,2.376923473977028,31.073476422280073,23.147469384401433
388,2.383065395098416,31.00973279688882,23.101181787709937
389,2.3892073162198035,30.37819751954808,23.078807354935563
390,2.395349237341191,29.505240776194672,23.04115003470298
391,2.4014911584625787,28.815999061453585,22.980104991716217
392,2.4076330795839667,28.550858610688234,22.89743747941807
393,2.4137750007053542,28.583283200932847,22.785716683888175
394,2.419916921826742,28.590527875858463,22.63031369386992
395,2.4260588429481293,28.463579894383514,22.420465149717206
396,2.4322007640695174,28.36621103384124,22.212048763024455
397,2.438342685190905,28.423425611883403,22.144677069385143
398,2.4444846063122925,28.6292009494632,22.330129191271425
399,2.45062652743368,28.94998346783258,22.76009545936724
400,2.456768448555068,29.272588574943025,23.32778498034892
401,2.4629103696764556,29.466988969953473,23.87196757564658
402,2.469052290797843,29.615271030718052,24.209517270893226
403,2.4751942119192307,29.923129825647553,24.22293812475382
404,2.4813361330406187,30.397213803181703,23.95142677763028
405,2.4874780541620063,30.800255746447217,23.56593102392923
406,2.493619975283394,30.92884002078226,23.224169251052754
407,2.4997618964047814,30.793129367359963,22.96369607561775
408,2.5059038175261694,30.447804165104213,22.7455667098828
409,2.512045738647557,29.87767324830708,22.551540480376016
410,2.5181876597689445,29.201237394711494,22.38934780565384
411,2.524329580890332,28.697361049420778,22.208683659963167
412,2.53047150201172,28.477238618526638,21.898258792756636
413,2.5366134231331077,28.4219698894071,21.439901258931513
414,2.5427553442544952,28.480799662793316,21.02123233098866
415,2.548897265375883,28.68926221555651,20.91185115466734
416,2.555039186497271,28.917109953809128,21.230839736467537
417,2.5611811076186584,28.890863503561295,21.834467019630793
418,2.567323028740046,28.53853432991806,22.372293871568882
419,2.5734649498614335,28.14707737220757,22.51746499619898
420,2.5796068709828215,28.002207911689595,22.229769130401667
421,2.585748792104209,28.001437522937632,21.732279090127076
422,2.5918907132255966,27.835322241460563,21.22264367870837
423,2.598032634346984,27.41871672297078,20.734032756593656
424,2.604174555468372,27.008483676289153,20.277979488987757
425,2.6103164765897597,26.93224091099415,20.002677525270155
426,2.6164583977111473,27.19937842988638,20.111177407713267
427,2.622600318832535,27.50579060700714,20.596086437748188
428,2.6287422399539224,27.686949583755528,21.160030443752643
429,2.6348841610753104,27.90045832070807,21.49079037566927
430,2.641026082196698,28.256216762935374,21.563401455224433
431,2.6471680033180855,28.573646314520673,21.62231322090016
432,2.653309924439473,28.672374891485948,21.875201583410984
433,2.659451845560861,28.63821257130284,22.212379285221246
434,2.6655937666822487,28.691380747729735,22.31665497208145
435,2.6717356878036362,28.97274548460027,22.074509073635095
436,2.677877608925024,29.3800449773774,21.707068704736518
437,2.684019530046412,29.54808881496975,21.458424186904733
438,2.6901614511677994,29.227925701689504,21.360194162316073
439,2.696303372289187,28.62048949739226,21.3407284179575
440,2.7024452934105745,28.112910751724424,21.388937214142327
441,2.7085872145319625,27.849494453172753,21.53683694929476
442,2.71472913565335,27.72833283915325,21.7570908402534
443,2.7208710567747376,27.67872194157197,21.947981854975747
444,2.727012977896125,27.74140003623047,21.983991971394648
445,2.733154899017513,27.90046897652791,21.759173851335955
446,2.7392968201389007,28.076092545603878,21.286683908507207
447,2.7454387412602883,28.332297917551077,20.79774122006744
448,2.751580662381676,28.862321171996445,20.582073353944406
449,2.757722583503064,29.638352585933806,20.66860700340594
450,2.7638645046244514,30.19905994942083,20.835918137268333
451,2.770006425745839,29.979570241165398,20.938574606687467
452,2.7761483468672266,28.945257335659626,21.04469150487681
453,2.7822902679886146,27.741731222874698,21.23938066004225
454,2.788432189110002,27.0459729547425,21.46886893517759
455,2.7945741102313897,26.9507210305329,21.627285541763005
456,2.8007160313527772,27.080004433416303,21.697889543857634
457,2.8068579524741653,27.037670783703106,21.740535761836817
458,2.812999873595553,26.71429961045114,21.781869778512686
459,2.8191417947169404,26.381434016983142,21.786468510935016
460,2.825283715838328,26.453090148941687,21.77183187711936
461,2.831425636959716,26.976089466510466,21.867996224985326
462,2.8375675580811035,27.48131813882811,22.13622106669635
463,2.843709479202491,27.590888738165827,22.3451988641074
464,2.8498514003238786,27.528262726263907,22.16206719682639
465,2.8559933214452666,27.65845977906964,21.657127585055406
466,2.862135242566654,27.870917976481284,21.33805796323749
467,2.8682771636880418,27.83805262048929,21.5461695151546
468,2.8744190848094293,27.57421127176001,22.112361272760932
469,2.8805610059308173,27.382291491628596,22.701078294589635
470,2.886702927052205,27.437612609955313,23.179828102846304
471,2.8928448481735924,27.578128921940916,23.531060168932235
472,2.89898676929498,27.524123805207147,23.68347744641815
473,2.9051286904163676,27.272963849738076,23.55188673067313
474,2.9112706115377556,27.048840064703228,23.108358047098886
475,2.917412532659143,26.927111266425655,22.421160837449065
476,2.9235544537805307,26.8459870579502,21.666673421536697
477,2.9296963749019183,26.89525990498959,21.085912203829807
478,2.9358382960233063,27.12002109750512,20.899506961451213
479,2.941980217144694,27.29200340400528,21.123817806263173
480,2.9481221382660814,27.19616464399637,21.508505056284246
481,2.954264059387469,26.89032865591022,21.69428092544083
482,2.960405980508857,26.57939919755383,21.608645238251047
483,2.9665479016302445,26.453179785086014,21.49487358652765
484,2.972689822751632,26.59191175901375,21.66252397063678
485,2.9788317438730196,26.820387346078466,22.162136579456348
486,2.9849736649944076,26.860460722875995,22.85144587422706
487,2.991115586115795,26.627392055753344,23.537922672445987
488,2.9972575072371828,26.33845838901338,24.08043017015531
489,3.0033994283585703,26.283208872881325,24.376017423170342
490,3.0095413494799583,26.50609111032613,24.390997865890686
491,3.015683270601346,26.85413170417386,24.22186822930146
492,3.0218251917227335,27.31236184055078,24.00772575346711
493,3.027967112844121,27.800879535121712,23.870696006882415
494,3.034109033965509,27.944050011575946,23.90438774083042
495,3.0402509550868966,27.266573945326346,24.16925386644964
496,3.046392876208284,26.13813454942503,24.625649341483644
497,3.0525347973296717,25.410622152858327,25.117146109877574
498,3.0586767184510597,25.471128126602487,25.464762712976704
499,3.0648186395724473,25.876729750540914,25.51374591106891
500,3.070960560693835,26.11140596039264,25.26488201316288
501,3.0771024818152224,25.994603485329275,24.8312707513478
502,3.0832444029366104,25.567980841144564,24.46634705168282
503,3.089386324057998,24.97455992318819,24.109268755808213
504,3.0955282451793855,24.448529367962113,23.613036000155077
505,3.101670166300773,24.354460228032362,23.011977287147104
506,3.107812087422161,24.91386385852806,22.61274786737383
507,3.1139540085435486,25.921085545050374,22.423636622813454
508,3.120095929664936,26.817203366349123,22.288297873270633
509,3.1262378507863238,27.139044018475097,22.237786151284787
510,3.1323797719077118,26.85015205977014,22.433231531063885
511,3.1385216930290993,26.326507608455255,22.617676873702216
512,3.144663614150487,26.190521098778152,22.230640963946517
513,3.1508055352718745,26.96290233093174,21.058381578925633
514,3.156947456393262,28.390536636745615,19.759725680311124
515,3.16308937751465,29.694119191751156,19.090377984215266
516,3.1692312986360376,30.36053696459798,19.269422784257223
517,3.175373219757425,30.486377357537915,19.906374781539494
518,3.1815151408788127,30.280890385970245,20.485487019169305
519,3.1876570620002007,29.91901853619535,20.748941389161747
520,3.1937989831215883,29.496830231172847,20.724109968310277
521,3.199940904242976,28.995414139723025,20.613487460720172
522,3.2060828253643634,28.39456332403524,20.644555785111567
523,3.2122247464857514,27.81348022072262,20.849849308422055
524,3.218366667607139,27.523112638876256,21.14791214478731
525,3.2245085887285265,27.671363366118676,21.39425179922454
526,3.230650509849914,28.078240712520287,21.5128113400833
527,3.236792430971302,28.309060610093177,21.34254097286623
528,3.2429343520926897,28.13977848150215,20.913286564449912
529,3.249076273214077,27.700955968921374,20.50060375852522
530,3.2552181943354648,27.26884142318307,20.437000961782996
531,3.261360115456853,27.033351031535872,20.729666693671437
532,3.2675020365782403,26.992585970496325,21.103016567725415
533,3.273643957699628,26.993895809493978,21.35141874928137
534,3.2797858788210155,26.920105667801327,21.447837661071475
535,3.2859277999424035,26.850512113139906,21.406914013610514
536,3.292069721063791,26.972304282802426,21.245708702724464
537,3.2982116421851786,27.357009078130954,21.022092365343457
538,3.304353563306566,27.912755377071992,20.729366739292086
539,3.310495484427954,28.404796324916614,20.31701320053477
540,3.3166374055493417,28.483071558557963,19.84012565772377
541,3.3227793266707293,28.021264384740093,19.514127699908222
542,3.328921247792117,27.381099516552492,19.533027878680823
543,3.335063168913505,27.03204410823483,19.907428936564195
544,3.3412050900348924,27.10477686146857,20.45503836957666
545,3.34734701115628,27.484577768106472,20.888314309142135
546,3.3534889322776675,28.053274726627112,20.958677341688517
547,3.3596308533990555,28.678781801691315,20.711427592925176
548,3.365772774520443,29.11098370590664,20.48325934941357
549,3.3719146956418307,29.17236028002746,20.552380478936183
550,3.3780566167632182,29.091399818851166,20.825005696081003
551,3.3841985378846062,29.296984982568695,20.99934053171082
552,3.390340459005994,29.822852287621796,20.93937994710902
553,3.3964823801273814,30.335016261043478,20.737628218627968
554,3.402624301248769,30.716459088929494,20.534883230600272
555,3.4087662223701565,31.045719688326617,20.41944460595429
556,3.4149081434915445,31.162857813209694,20.477291808598917
557,3.421050064612932,30.81400579946827,20.802740171322423
558,3.4271919857343196,30.096558690938735,21.349578219971363
559,3.433333906855707,29.35573904150679,21.841700651328285
560,3.439475827977095,28.806932652663573,21.929950331117695
561,3.4456177490984827,28.509819194744146,21.565468774833306
562,3.4517596702198703,28.48348466380116,21.109968412004253
563,3.457901591341258,28.603715903942593,21.00988115513592
564,3.464043512462646,28.63615396392529,21.39352369430094
565,3.4701854335840334,28.517350087591154,22.0044027216091
566,3.476327354705421,28.512756838373953,22.463728872982006
567,3.4824692758268085,28.86516532575885,22.58175059821672
568,3.4886111969481965,29.336478556678657,22.450335889532187
569,3.494753118069584,29.378970543094105,22.296611860017713
570,3.5008950391909717,28.769958889998957,22.25825519479517
571,3.5070369603123592,27.902920388263663,22.3111114622054
572,3.5131788814337472,27.381261307361797,22.364873969331136
573,3.519320802555135,27.35349950599405,22.372926425456104
574,3.5254627236765224,27.456728821485054,22.382353961664652
575,3.53160464479791,27.429698144090757,22.47945120662918
576,3.537746565919298,27.42390910582404,22.636106447678284
577,3.5438884870406855,27.626333691126614,22.667407161421668
578,3.550030408162073,27.959503212242886,22.426920724712797
579,3.5561723292834606,28.26363016998124,22.008735561152232
580,3.5623142504048486,28.500147804022276,21.713922102343744
581,3.568456171526236,28.678249307310782,21.827022935733254
582,3.5745980926476237,28.734731211800952,22.401532763457503
583,3.5807400137690113,28.575969686047316,23.214737678077274
584,3.5868819348903993,28.270307764775364,23.92036126925664
585,3.593023856011787,28.108736667812543,24.3095774844499
586,3.5991657771331744,28.313159153313638,24.47332503827795
587,3.605307698254562,28.805130182396457,24.720524960640628
588,3.61144961937595,29.30678831287911,25.243124528643126
589,3.6175915404973376,29.494881639738512,25.87149608753127
590,3.623733461618725,29.228429493520593,26.256728854912478
591,3.6298753827401127,28.74143911641558,26.249884432041316
592,3.6360173038615007,28.409553139717897,25.971008173745464
593,3.6421592249828882,28.31663596949508,25.603750965241552
594,3.648301146104276,28.237567083502448,25.273261681966158
595,3.6544430672256634,28.050254227876515,25.04307023916631
596,3.6605849883470514,27.919245259986482,24.899990676449885
597,3.666726909468439,28.005944730195893,24.781201821864432
598,3.6728688305898265,28.26141304905129,24.650786356905826
599,3.679010751711214,28.54484875177509,24.481447506425972
600,3.6851526728326016,28.733886819271362,24.214343314981843
601,3.6912945939539896,28.758276627065655,23.852628359380297
602,3.697436515075377,28.667031312322322,23.545468902594543
603,3.7035784361967647,28.603735554581764,23.450533275524396
604,3.7097203573181523,28.619793573703273,23.54691260978952
605,3.7158622784395403,28.587515667252305,23.666721946424765
606,3.722004199560928,28.386421027173004,23.668126508339007
607,3.7281461206823154,28.09850067572744,23.53804083836166
608,3.734288041803703,27.934375071335058,23.367204663023234
609,3.740429962925091,28.015904832066408,23.23919785625618
610,3.7465718840464786,28.304435092810916,23.149416079223514
611,3.752713805167866,28.72311920340515,23.037764064450705
612,3.7588557262892537,29.205574160545137,22.834630026977106
613,3.7649976474106417,29.55156482998801,22.474020598243882
614,3.7711395685320293,29.465942409017885,21.98068466161166
615,3.777281489653417,28.93168967537347,21.572165369265342
616,3.7834234107748044,28.337252007563098,21.57116775593412
617,3.7895653318961924,28.08818648862579,22.130213667523694
618,3.79570725301758,28.242908781229314,23.04096488242702
619,3.8018491741389675,28.540996185916644,23.83739433096556
620,3.807991095260355,28.67587380077377,24.146176906864028
621,3.814133016381743,28.564277205800867,23.96122979132041
622,3.8202749375031306,28.393935114061183,23.559275055889543
623,3.826416858624518,28.329974261236725,23.193971998831255
624,3.8325587797459058,28.257453585338887,22.952674364296588
625,3.8387007008672938,28.019666605770862,22.785469431553242
626,3.8448426219886813,27.727059055728795,22.582560387817185
627,3.850984543110069,27.621379595917283,22.34017381645971
628,3.8571264642314564,27.775148009606735,22.227870805964542
629,3.8632683853528444,28.147657542117813,22.327235393169214
630,3.869410306474232,28.73675982140576,22.455199992397397
631,3.8755522275956196,29.426463141009133,22.419438192203792
632,3.881694148717007,29.97955421394106,22.254508948489306
633,3.887836069838395,30.35116268794671,22.089565073404255
634,3.8939779909597827,30.73678149023645,21.9791386491516
635,3.9001199120811703,31.203543254137553,21.92806342068578
636,3.906261833202558,31.485431154557535,21.92051089855482
637,3.912403754323946,31.341188240821555,21.89599205609536
638,3.9185456754453334,30.914472749835053,21.79734932832424
639,3.924687596566721,30.550856257755907,21.63029264748359
640,3.9308295176881085,30.432198995691277,21.448828709033695
641,3.936971438809496,30.50150208637044,21.29596475787889
642,3.943113359930884,30.65956270406645,21.179333158713142
643,3.9492552810522716,30.869541019288835,21.117400383348194
644,3.955397202173659,31.10474475094774,21.168923055530477
645,3.9615391232950468,31.359891844736378,21.369175393041814
646,3.9676810444164348,31.65065232370417,21.632213329535517
647,3.9738229655378223,31.931957575674527,21.78752364857188
648,3.97996488665921,32.10766368666742,21.768370810097217
649,3.9861068077805974,32.11732586010817,21.715611033589603
650,3.9922487289019855,31.99475128914095,21.837745569434365
651,3.998390650023373,31.845684531558664,22.18158872361625
652,4.004532571144761,31.742457916490856,22.581073618732187
653,4.010674492266149,31.71760825255597,22.8030381415742
654,4.016816413387536,31.82062517428577,22.7322306588745
655,4.022958334508924,32.05157684002566,22.48482092800184
656,4.029100255630311,32.35063384505471,22.33484896016447
657,4.035242176751699,32.648140094400915,22.463292895241846
658,4.041384097873086,32.880227035295256,22.79711222412845
659,4.047526018994474,33.010233428391366,23.102875537884223
660,4.053667940115862,32.96630381237742,23.18344257366638
661,4.05980986123725,32.68403469117205,23.00241111247018
662,4.0659517823586375,32.280453460832405,22.6739990473782
663,4.072093703480025,31.934784018673007,22.33807516927115
664,4.078235624601413,31.677326236085413,22.083538880471952
665,4.0843775457228,31.421541286900137,21.930665789503333
666,4.090519466844188,31.133079968253966,21.80599356011472
667,4.096661387965575,30.873628993289145,21.61657176901082
668,4.102803309086964,30.69343726144949,21.382019808678116
669,4.108945230208351,30.618924768017752,21.22064329097741
670,4.115087151329739,30.685616791594235,21.230173493019848
671,4.1212290724511265,30.861039305879622,21.423348974698452
672,4.127370993572514,31.04357007030815,21.716921161694568
673,4.133512914693902,31.20301061981301,21.950131148568108
674,4.139654835815289,31.382126780374815,21.980796378383694
675,4.145796756936677,31.55906624390488,21.791790965526395
676,4.151938678058065,31.657493023030717,21.46240800423082
677,4.158080599179453,31.628116172769268,21.074054196365584
678,4.16422252030084,31.485418808350413,20.69098320806667
679,4.170364441422228,31.349949936839433,20.37019043699289
680,4.176506362543615,31.32578488994961,20.15412982060046
681,4.182648283665003,31.351442024786756,20.055788585004255
682,4.1887902047863905,31.293287538977417,20.04194850814141
683,4.194932125907778,31.09890008469577,20.030364464494074
684,4.201074047029166,30.830755990565716,19.957936895231114
685,4.207215968150554,30.585404610554892,19.85524128536567
686,4.213357889271942,30.42222601544305,19.78724150156885
687,4.219499810393329,30.383662025259706,19.761810388896926
688,4.225641731514717,30.501080636339903,19.76769839329306
689,4.231783652636104,30.761228236231464,19.82055007797285
690,4.237925573757492,31.116025097657385,19.93333466646924
691,4.2440674948788795,31.500797671947634,20.094088552456693
692,4.250209416000267,31.871588705665356,20.263607810954923
693,4.2563513371216555,32.2439907440661,20.379510530262866
694,4.262493258243043,32.59212904887785,20.390833332318582
695,4.268635179364431,32.80289449198349,20.2963447637438
696,4.274777100485818,32.80655889284277,20.147577994832325
697,4.280919021607206,32.62222540237319,20.01282696699837
698,4.287060942728593,32.31872586547077,19.924927435778653
699,4.293202863849981,32.03907228225605,19.879049578971085
700,4.299344784971368,31.9878797900955,19.87152640239495
701,4.305486706092757,32.275949080227136,19.88863709686391
702,4.311628627214144,32.77601273764525,19.882728759320976
703,4.317770548335532,33.205658722822164,19.836940870758692
704,4.3239124694569195,33.34027659212758,19.802740397874118
705,4.330054390578307,33.17171815314274,19.798055265337755
706,4.336196311699695,32.881024425071104,19.780684331815873
707,4.342338232821082,32.630504261712474,19.754573684735192
708,4.34848015394247,32.48278464642828,19.793373202595166
709,4.354622075063858,32.44136768862031,19.903091724857738
710,4.360763996185246,32.414955936472126,20.01006500479616
711,4.366905917306633,32.32199286406795,20.054479613808926
712,4.373047838428021,32.18079059064371,20.05015077475748
713,4.3791897595494085,32.017392064635395,20.057635021556013
714,4.385331680670796,31.83184544703876,20.137507106573054
715,4.391473601792184,31.689161339753444,20.30517818564758
716,4.397615522913571,31.670207411171937,20.535186119097013
717,4.40375744403496,31.74395557730279,20.796053847765275
718,4.409899365156347,31.800548619311186,21.060673602551315
719,4.416041286277735,31.816077201402265,21.280601448038563
720,4.422183207399122,31.829982131473667,21.402296507626694
721,4.42832512852051,31.860886345618397,21.408570277953977
722,4.434467049641897,31.888145716075257,21.32857842499134
723,4.440608970763285,31.872501460077586,21.21585333236962
724,4.4467508918846725,31.77657956418766,21.134359206339404
725,4.452892813006061,31.638034985959667,21.097083528612558
726,4.4590347341274486,31.526602195006593,21.05684966363817
727,4.465176655248836,31.453499069054406,20.966296171360796
728,4.471318576370224,31.372771887087243,20.8094529022175
729,4.477460497491611,31.25477303691385,20.610881893003842
730,4.483602418612999,31.11766834993859,20.42644704273671
731,4.489744339734386,30.99915024076809,20.31394206042102
732,4.495886260855774,30.897257839925192,20.310070428121193
733,4.5020281819771615,30.76819705542279,20.438444937682775
734,4.50817010309855,30.573926671629614,20.68089762317747
735,4.5143120242199375,30.338131682053145,20.9471139355742
736,4.520453945341325,30.13239143153531,21.164416887423933
737,4.526595866462713,30.02267877244608,21.334514773150342
738,4.5327377875841,30.043723944329717,21.489422652212887
739,4.538879708705488,30.195463475637244,21.642425481907498
740,4.545021629826875,30.425966698995328,21.776382213776806
741,4.551163550948263,30.671522419621912,21.86529593455421
742,4.557305472069651,30.875063526381478,21.861870054977516
743,4.563447393191039,30.985009061383266,21.718357678267335
744,4.569589314312426,31.006516688253548,21.456911699315402
745,4.575731235433814,31.02354173817757,21.16167657554701
746,4.5818731565552016,31.07137656538656,20.918728865013435
747,4.588015077676589,31.07011486890305,20.742944282232695
748,4.594156998797977,30.94052278048624,20.59405978836517
749,4.600298919919364,30.716778944200243,20.44490655441256
750,4.606440841040753,30.470792884257747,20.323478476656966
751,4.61258276216214,30.269572240835863,20.196257351100208
752,4.618724683283528,30.194687807625925,20.011751624006433
753,4.624866604404915,30.233958464294467,19.804145324333824
754,4.631008525526303,30.260253253210628,19.683155322112434
755,4.6371504466476905,30.14804809544078,19.693693016710522
756,4.643292367769078,29.911849793573676,19.814102997941408
757,4.649434288890466,29.706794663392905,19.991092885908373
758,4.655576210011854,29.70470159545188,20.167089307881145
759,4.661718131133242,29.980715068027806,20.284772098135985
760,4.667860052254629,30.450318778340915,20.316718259128578
761,4.674001973376017,30.96301312255524,20.276237251578678
762,4.680143894497404,31.369955271885644,20.20660862510543
763,4.686285815618792,31.640546804433047,20.168446219117925
764,4.692427736740179,31.801123873224853,20.20506901316947
765,4.698569657861567,31.849917370898282,20.298286680724154
766,4.7047115789829554,31.760806643520585,20.395997554276793
767,4.710853500104343,31.546800203494975,20.42775339404789
768,4.716995421225731,31.260650724388075,20.33750948416012
769,4.723137342347118,30.958434597998693,20.106542781038307
770,4.729279263468506,30.68928521152588,19.81994328476089
771,4.735421184589893,30.478646301192168,19.57806862321857
772,4.741563105711281,30.329989810926143,19.414728382995488
773,4.747705026832668,30.21749328053293,19.28720544603432
774,4.753846947954056,30.143555168073696,19.16740308942101
775,4.759988869075444,30.124452613990602,19.065949350454957
776,4.766130790196832,30.109379483786427,19.011454455704023
777,4.7722727113182195,30.048592481089965,19.00508558773177
778,4.778414632439607,29.937430396643794,19.004535650886663
779,4.784556553560995,29.766888431401025,18.988011961125846
780,4.790698474682382,29.51381935415029,18.957741281263647
781,4.79684039580377,29.152151847151636,18.931161855289204
782,4.802982316925157,28.68553871232987,18.896413252094327
783,4.809124238046546,28.206083671095897,18.835707574864447
784,4.815266159167933,27.839204694114976,18.756735797514544
785,4.821408080289321,27.655950190910612,18.668136704228274
786,4.8275500014107084,27.587203042387497,18.57214327874776
787,4.833691922532096,27.55079096447029,18.47854649475057
788,4.839833843653484,27.51141408814522,18.395249817224443
789,4.845975764774871,27.474625104643856,18.317422374923193
790,4.852117685896259,27.472141346624426,18.264670781538815
791,4.858259607017647,27.52525841544569,18.263947671006914
792,4.864401528139035,27.62349506635213,18.322504816136167
793,4.870543449260422,27.789776512515914,18.421818271301344
794,4.87668537038181,28.01984047318708,18.561302279105284
795,4.882827291503197,28.25416414851496,18.728513507549355
796,4.888969212624585,28.456259974820753,18.903929946532532
797,4.8951111337459725,28.626760356651683,19.10162114858906
798,4.90125305486736,28.710492174822424,19.372975441486176
799,4.9073949759887485,28.670253445280196,19.724391040747484
800,4.913536897110136,28.569119031710596,20.092539513658156
801,4.919678818231524,28.51886490104138,20.431400544159416
802,4.925820739352911,28.557640053248885,20.73056084302255
803,4.931962660474299,28.62626649342233,20.971740244120557
804,4.938104581595686,28.687145423907374,21.105357605596488
805,4.944246502717074,28.76224012287552,21.111560011794644
806,4.9503884238384614,28.89461379975685,21.022557146813416
807,4.95653034495985,29.111482210955753,20.90929139022894
808,4.9626722660812375,29.412289943408176,20.857778716744253
809,4.968814187202625,29.74452964659583,20.918981484049898
810,4.974956108324013,30.017818013760273,21.097204630285308
811,4.9810980294454,30.171540788762716,21.36546291939165
812,4.987239950566788,30.1714062487163,21.666497657903278
813,4.993381871688175,30.032787751022408,21.95205695891592
814,4.999523792809563,29.822813446694934,22.21612907127137
815,5.00566571393095,29.606117724876118,22.493573060385543
816,5.011807635052339,29.400329780815913,22.796946840513144
817,5.017949556173726,29.216064310870653,23.093375513782576
818,5.024091477295114,29.111650201792116,23.34515574068954
819,5.0302333984165015,29.143069764237314,23.518519427858195
820,5.036375319537889,29.311914843160938,23.57475346254606
821,5.042517240659277,29.562802651594176,23.511229908491796
822,5.048659161780664,29.850616212748083,23.39690823008688
823,5.054801082902052,30.14222240013482,23.310767990382374
824,5.06094300402344,30.37524358589953,23.314179396079947
825,5.067084925144828,30.467638678709562,23.472344405800065
826,5.073226846266215,30.372271728896234,23.79464038754081
827,5.079368767387603,30.089780584117477,24.159968048053642
828,5.0855106885089905,29.670261441447586,24.385815217843618
829,5.091652609630378,29.187347441631207,24.35617766740335
830,5.097794530751766,28.758673040300728,24.092064266288666
831,5.103936451873153,28.520512508749288,23.749008207858935
832,5.110078372994542,28.527535218841614,23.54556852638936
833,5.116220294115929,28.687935852817244,23.588905722092797
834,5.122362215237317,28.860368361249705,23.763067372570962
835,5.128504136358704,28.986768178358904,23.908274564334548
836,5.134646057480092,29.0887993422004,23.975551784508195
837,5.140787978601479,29.175408773934503,23.951072099196445
838,5.146929899722867,29.24598239204857,23.826869612933727
839,5.1530718208442545,29.348942176068633,23.68147452578349
840,5.159213741965643,29.50593806946534,23.636585309935604
841,5.1653556630870305,29.69655978162027,23.751898140596474
842,5.171497584208418,29.944843209094895,23.977679771703936
843,5.177639505329806,30.279711136670425,24.17188477147491
844,5.183781426451193,30.665363694740744,24.23562669773195
845,5.189923347572581,30.994242770741128,24.210355295626883
846,5.196065268693968,31.136600737048525,24.15865904465953
847,5.202207189815356,31.070562529476305,24.056389385895052
848,5.208349110936744,30.89065381715588,23.88988779555546
849,5.214491032058132,30.668703077965862,23.744875180266323
850,5.2206329531795195,30.39267703349009,23.71984428859293
851,5.226774874300907,30.06351868641518,23.81836282953753
852,5.232916795422295,29.75889036705,23.94943297086042
853,5.239058716543682,29.56174261406852,23.997737202514028
854,5.24520063766507,29.50284658663531,23.91917958032145
855,5.251342558786457,29.588313395388603,23.780753147905774
856,5.257484479907845,29.821985384159156,23.668857395448537
857,5.263626401029233,30.178266114377223,23.59481197971447
858,5.269768322150621,30.56316003783284,23.52288620673664
859,5.275910243272008,30.86499936222913,23.44572577662494
860,5.282052164393396,31.085327401324736,23.377331430168947
861,5.2881940855147835,31.312332822168262,23.293421569196568
862,5.294336006636171,31.546084943240448,23.156780093400897
863,5.300477927757559,31.691133055918122,22.988697370344486
864,5.306619848878946,31.702751771978754,22.850643796540133
865,5.312761770000335,31.611980555445392,22.775462862319912
866,5.318903691121722,31.482967711463672,22.74977522109613
867,5.32504561224311,31.40613053045051,22.718362894072985
868,5.331187533364497,31.42496229888807,22.61077660916993
869,5.337329454485885,31.44546298657118,22.403053346153573
870,5.3434713756072725,31.29495122890202,22.153450194538582
871,5.34961329672866,30.9134074281238,21.967335528403677
872,5.355755217850048,30.418289927578325,21.935593804192585
873,5.361897138971436,29.97736722525193,22.113886610378984
874,5.368039060092824,29.722973041220648,22.49500843102046
875,5.374180981214211,29.678927208470807,22.95266247669436
876,5.380322902335599,29.70098430992485,23.293202414250224
877,5.386464823456986,29.65358953748818,23.40351862472747
878,5.392606744578374,29.567484163447986,23.30883565843768
879,5.398748665699761,29.499656274427352,23.113329198943074
880,5.404890586821149,29.4379060189636,22.90695836583062
881,5.411032507942537,29.37473740224869,22.688300682113635
882,5.417174429063925,29.34264370996698,22.40223284409256
883,5.4233163501853126,29.38276683351215,22.083914321688088
884,5.4294582713067,29.54168003958841,21.895521753267246
885,5.435600192428088,29.882294346848635,22.006016533432955
886,5.441742113549475,30.34503453127873,22.444647647571866
887,5.447884034670863,30.717186617453713,23.029195921552287
888,5.45402595579225,30.89976341941814,23.45329134245819
889,5.460167876913639,31.064408732139633,23.50176999893558
890,5.466309798035026,31.468058207678204,23.201333330308376
891,5.472451719156414,32.1144159540313,22.781557967857385
892,5.4785936402778015,32.71232785161757,22.483198486309806
893,5.484735561399189,32.99438825056914,22.37927509966155
894,5.490877482520577,32.96085476869141,22.37039315604605
895,5.497019403641964,32.7913536328186,22.330680796525044
896,5.503161324763352,32.61521042281979,22.267092799491863
897,5.509303245884739,32.402046087160755,22.33651339282852
898,5.515445167006128,32.084631748712624,22.65614309914834
899,5.521587088127515,31.750820648928876,23.10721832421915
900,5.527729009248903,31.631454976184056,23.418345268577166
901,5.53387093037029,31.870831529912756,23.446047366716385
902,5.540012851491678,32.36909867882935,23.317366733393698
903,5.5461547726130656,32.86362685835999,23.26712774078454
904,5.552296693734453,33.05965699620092,23.401669932899424
905,5.558438614855841,32.821696632243935,23.683117770487513
906,5.564580535977229,32.39446510471687,24.020373374990008
907,5.570722457098617,32.180530868166215,24.305632856578534
908,5.576864378220004,32.239703488460435,24.47245704944727
909,5.583006299341392,32.247749734257454,24.526250071397403
910,5.589148220462779,31.968132301684324,24.461736186409038
911,5.595290141584167,31.546770583716068,24.266209790232036
912,5.6014320627055545,31.1880149671577,24.02799133015171
913,5.607573983826942,30.865711079317236,23.86360361824434
914,5.6137159049483305,30.526494230671116,23.764173966524652
915,5.619857826069718,30.219009634901663,23.66683853351837
916,5.625999747191106,29.98435489165861,23.610891101472454
917,5.632141668312493,29.886009126604304,23.711414919335024
918,5.638283589433881,30.055151963080274,24.001966012381118
919,5.644425510555268,30.553044996355954,24.36786512229983
920,5.650567431676656,31.235398312684463,24.633440618725583
921,5.656709352798043,31.783341578178515,24.662042282821112
922,5.662851273919432,31.96755487111856,24.3928442803687
923,5.668993195040819,31.900674997419188,23.89082306082644
924,5.675135116162207,31.85104303209767,23.37843560653662
925,5.681277037283595,31.907929867437925,23.090084556219928
926,5.687418958404982,32.03795818927882,23.031947062128996
927,5.69356087952637,32.165287989070826,22.952141466901566
928,5.699702800647757,32.07240244087372,22.61804259263197
929,5.705844721769145,31.572511290007547,22.049989359837156
930,5.711986642890533,30.800631124954506,21.412482889548677
931,5.718128564011921,30.174658467293245,20.799841496632368
932,5.724270485133308,30.07223057843352,20.265498369672144
933,5.730412406254696,30.57375557222812,19.936589239896257
934,5.7365543273760835,31.47821406656711,19.949633403759474
935,5.742696248497471,32.46031362339787,20.279578968727254
936,5.748838169618859,33.18841911935668,20.659166519806362
937,5.754980090740246,33.43354618709375,20.726228077713923
938,5.761122011861635,33.197245912464574,20.327176491599396
939,5.767263932983022,32.74734690490668,19.66208528882367
940,5.77340585410441,32.411187294606854,19.09721129413301
941,5.779547775225797,32.21662069871598,18.886896677199648
942,5.785689696347185,31.921431909921047,19.05083224241706
943,5.7918316174685724,31.46351086976923,19.420167267883144
944,5.79797353858996,30.99484691396524,19.755571502239356
945,5.804115459711348,30.537189191507977,19.863352882970684
946,5.810257380832735,30.117236481256153,19.681948586513105
947,5.816399301954124,29.938904176164755,19.290092300308448
948,5.822541223075511,29.97393376411589,18.851891625140784
949,5.828683144196899,29.865742189099727,18.568018613744687
950,5.834825065318286,29.466419206355337,18.58419418205971
951,5.840966986439674,28.988059640148123,18.822029671625625
952,5.847108907561061,28.670478986333023,18.997476405928417
953,5.853250828682449,28.65660960339316,18.91460140965229
954,5.8593927498038365,29.025679919263634,18.61830161843393
955,5.865534670925225,29.718510409037837,18.240143317560925
956,5.8716765920466125,30.493730428166053,17.90910507244905
957,5.877818513168,31.05221801472146,17.798548954946494
958,5.883960434289388,31.26609422331367,17.99959590307307
959,5.890102355410775,31.240141402035302,18.351846204217207
960,5.896244276532163,31.089534198397814,18.62155595868867
961,5.90238619765355,30.82919394017337,18.813136141789748
962,5.908528118774938,30.516516522663768,19.103733605294934
963,5.914670039896326,30.272647757550416,19.49630283353246
964,5.920811961017714,30.141131354900722,19.74889566281701
965,5.9269538821391015,30.02807011587495,19.682046163708165
966,5.933095803260489,29.77898961711678,19.447006110524647
967,5.939237724381877,29.386205687506884,19.36251053898993
968,5.945379645503264,29.0830851830638,19.47803372546478
969,5.951521566624652,29.084098365862737,19.546179756230558
970,5.957663487746039,29.320944783842798,19.528811335756455
971,5.963805408867428,29.586683277806472,19.690698055609808
972,5.969947329988815,29.79995417664912,20.04347409823003
973,5.976089251110203,29.953720251084203,20.204278174391657
974,5.98223117223159,29.97890208713805,19.994430695264978
975,5.988373093352978,29.858419505444303,19.740055307942608
976,5.9945150144743655,29.77644217242772,19.822541403986477
977,6.000656935595753,29.91766271521887,20.22987657943616
978,6.006798856717141,30.176684550682317,20.640585417015956
979,6.012940777838529,30.280726550107577,20.80614486954576
980,6.019082698959917,30.164294277227576,20.75875192297234
981,6.025224620081304,29.98679354509874,20.6780886452975
982,6.031366541202692,29.82706356840668,20.67054339460086
983,6.037508462324079,29.57565655736557,20.735494790219697
984,6.043650383445467,29.192934124083354,20.87639724940928
985,6.0497923045668545,28.83794350324773,21.13002883142504
986,6.055934225688242,28.659100006593597,21.428009296662545
987,6.06207614680963,28.67070405780951,21.570175070242524
988,6.068218067931018,28.81076770891348,21.43216715442002
989,6.074359989052406,29.032463306176748,21.12243013499102
990,6.080501910173793,29.237059091945223,20.924175069681706
991,6.086643831295181,29.289220377927226,21.025719232160036
992,6.092785752416568,29.098912797548994,21.396419315730693
993,6.098927673537956,28.736732293313906,21.85255555001359
994,6.105069594659343,28.4562866202956,22.19067236762679
995,6.111211515780731,28.479499910213,22.25778053261803
996,6.117353436902119,28.69806265980739,22.049910143365697
997,6.123495358023507,28.67257030229133,21.68779734204446
998,6.1296372791448945,28.016289109143074,21.30330839882004
999,6.135779200266282,26.881441159835845,20.95573634995155
1000,6.14192112138767,25.820807959240888,20.71493947413831
1001,6.148063042509057,25.179457217961474,20.655815752539656
1002,6.154204963630445,24.923272090190654,20.733849040219013
1003,6.160346884751832,24.88882686908823,20.779802659679127
1004,6.166488805873221,24.99476341063421,20.71108201541777
1005,6.172630726994608,25.089852861862934,20.64984722249561
1006,6.178772648115996,25.003620829488117,20.798803624752274
1007,6.1849145692373835,24.764187785825797,21.185169866503863
1008,6.191056490358771,24.565463980073943,21.627152984308875
1009,6.197198411480159,24.50079856331248,21.812225244204278
1010,6.203340332601546,24.628317949592127,21.651215369377898
1011,6.209482253722934,25.13386159092082,21.318580424174414
1012,6.215624174844322,26.01366724891243,21.03197119108595
1013,6.22176609596571,26.76875134257433,20.747849303783845
1014,6.227908017087097,26.953412579381776,20.17863935208249
1015,6.234049938208485,26.840776740849027,19.354819397765507
1016,6.240191859329872,27.181926443641895,18.637718736969425
1017,6.24633378045126,27.970885488787086,18.336419235772226
1018,6.2524757015726475,28.621977185542157,18.384023523043183
1019,6.258617622694035,28.693923716300564,18.683481501680262
1020,6.2647595438154235,28.05088831742413,19.344546137880506
1021,6.270901464936811,26.758179622293255,20.34813759748292
1022,6.277043386058199,25.349734035717677,21.319316204558458
1023,6.283185307179586,24.460389438154447,21.754767111257607
